{"cameraMode":{"drawMode":0,"name":"Shaded","section":"Shading Mode"},"sceneLighting":false,"audioPlay":false,"sceneViewState":{"showFog":true,"showMaterialUpdate":false,"showSkybox":true,"showFlares":true,"showImageEffects":true,"showParticleSystems":true},"in2DMode":false,"pivot":{"x":-101.90492248535156,"y":28.930282592773439,"z":406.95989990234377},"rotation":{"x":0.1362118273973465,"y":0.38613566756248476,"z":-0.05776641145348549,"w":0.9104984402656555},"size":109.4263687133789,"orthographic":false}