{"cameraMode":{"drawMode":0,"name":"Shaded","section":"Shading Mode"},"sceneLighting":false,"audioPlay":false,"sceneViewState":{"showFog":true,"showMaterialUpdate":false,"showSkybox":false,"showFlares":true,"showImageEffects":true,"showParticleSystems":true},"in2DMode":false,"pivot":{"x":1188.4652099609375,"y":-462.37310791015627,"z":3377.92822265625},"rotation":{"x":-0.09940119087696076,"y":0.8706417679786682,"z":-0.1968049854040146,"w":-0.4397391080856323},"size":6505.7822265625,"orthographic":false}