{"cameraMode":{"drawMode":0,"name":"Shaded","section":"Shading Mode"},"sceneLighting":false,"audioPlay":false,"sceneViewState":{"showFog":true,"showMaterialUpdate":false,"showSkybox":false,"showFlares":true,"showImageEffects":true,"showParticleSystems":true},"in2DMode":false,"pivot":{"x":-29.038436889648439,"y":6.749843597412109,"z":16.270877838134767},"rotation":{"x":0.02264961041510105,"y":-0.5439705848693848,"z":0.014690758660435677,"w":0.8386697173118591},"size":9.904216766357422,"orthographic":false}